Date,Period,User-Group,User-Count,WiFi-Conn
2018-04-01,Midnight,Staff,7,18
2018-04-01,Midnight,TPG,11,26
2018-04-01,Midnight,RPG,10,21
2018-04-01,Midnight,UG,36,116
2018-04-01,Midnight,Alumni,0,0
2018-04-01,Midnight,Others(HKUST),3,22
2018-04-01,Midnight,Non-HKUST,0,0
2018-04-01,Midnight,Total,67,203
2018-04-01,Early-Morning,Staff,7,16
2018-04-01,Early-Morning,TPG,1,2
2018-04-01,Early-Morning,RPG,2,10
2018-04-01,Early-Morning,UG,11,41
2018-04-01,Early-Morning,Alumni,0,0
2018-04-01,Early-Morning,Others(HKUST),3,22
2018-04-01,Early-Morning,Non-HKUST,0,0
2018-04-01,Early-Morning,Total,24,91
2018-04-01,Morning,Staff,14,35
2018-04-01,Morning,TPG,62,207
2018-04-01,Morning,RPG,13,29
2018-04-01,Morning,UG,79,240
2018-04-01,Morning,Alumni,1,6
2018-04-01,Morning,Others(HKUST),1,7
2018-04-01,Morning,Non-HKUST,3,7
2018-04-01,Morning,Total,173,531
2018-04-01,Afternoon,Staff,20,79
2018-04-01,Afternoon,TPG,149,642
2018-04-01,Afternoon,RPG,34,99
2018-04-01,Afternoon,UG,191,740
2018-04-01,Afternoon,Alumni,3,14
2018-04-01,Afternoon,Others(HKUST),2,8
2018-04-01,Afternoon,Non-HKUST,14,37
2018-04-01,Afternoon,Total,413,1619
2018-04-01,Late-Afternoon,Staff,16,61
2018-04-01,Late-Afternoon,TPG,154,686
2018-04-01,Late-Afternoon,RPG,34,101
2018-04-01,Late-Afternoon,UG,191,651
2018-04-01,Late-Afternoon,Alumni,5,12
2018-04-01,Late-Afternoon,Others(HKUST),2,8
2018-04-01,Late-Afternoon,Non-HKUST,11,40
2018-04-01,Late-Afternoon,Total,413,1559
2018-04-01,Evening,Staff,11,36
2018-04-01,Evening,TPG,88,276
2018-04-01,Evening,RPG,18,32
2018-04-01,Evening,UG,114,394
2018-04-01,Evening,Alumni,1,2
2018-04-01,Evening,Others(HKUST),1,7
2018-04-01,Evening,Non-HKUST,4,10
2018-04-01,Evening,Total,237,757
2018-04-01,All-Periods,Staff,28,223
2018-04-01,All-Periods,TPG,191,1694
2018-04-01,All-Periods,RPG,61,265
2018-04-01,All-Periods,UG,312,2043
2018-04-01,All-Periods,Alumni,5,34
2018-04-01,All-Periods,Others(HKUST),5,38
2018-04-01,All-Periods,Non-HKUST,17,89
2018-04-01,All-Periods,Total,619,4386
2018-04-02,Midnight,Staff,4,10
2018-04-02,Midnight,TPG,20,58
2018-04-02,Midnight,RPG,3,6
2018-04-02,Midnight,UG,48,172
2018-04-02,Midnight,Alumni,0,0
2018-04-02,Midnight,Others(HKUST),2,24
2018-04-02,Midnight,Non-HKUST,0,0
2018-04-02,Midnight,Total,77,270
2018-04-02,Early-Morning,Staff,4,9
2018-04-02,Early-Morning,TPG,3,7
2018-04-02,Early-Morning,RPG,0,0
2018-04-02,Early-Morning,UG,12,37
2018-04-02,Early-Morning,Alumni,0,0
2018-04-02,Early-Morning,Others(HKUST),2,20
2018-04-02,Early-Morning,Non-HKUST,0,0
2018-04-02,Early-Morning,Total,21,73
2018-04-02,Morning,Staff,26,62
2018-04-02,Morning,TPG,91,255
2018-04-02,Morning,RPG,27,97
2018-04-02,Morning,UG,143,461
2018-04-02,Morning,Alumni,2,2
2018-04-02,Morning,Others(HKUST),3,12
2018-04-02,Morning,Non-HKUST,8,20
2018-04-02,Morning,Total,300,909
2018-04-02,Afternoon,Staff,46,147
2018-04-02,Afternoon,TPG,202,852
2018-04-02,Afternoon,RPG,69,257
2018-04-02,Afternoon,UG,290,1127
2018-04-02,Afternoon,Alumni,17,69
2018-04-02,Afternoon,Others(HKUST),4,12
2018-04-02,Afternoon,Non-HKUST,21,75
2018-04-02,Afternoon,Total,649,2539
2018-04-02,Late-Afternoon,Staff,37,124
2018-04-02,Late-Afternoon,TPG,201,931
2018-04-02,Late-Afternoon,RPG,75,283
2018-04-02,Late-Afternoon,UG,309,1132
2018-04-02,Late-Afternoon,Alumni,18,94
2018-04-02,Late-Afternoon,Others(HKUST),5,17
2018-04-02,Late-Afternoon,Non-HKUST,21,71
2018-04-02,Late-Afternoon,Total,666,2652
2018-04-02,Evening,Staff,15,28
2018-04-02,Evening,TPG,116,392
2018-04-02,Evening,RPG,36,101
2018-04-02,Evening,UG,163,590
2018-04-02,Evening,Alumni,8,27
2018-04-02,Evening,Others(HKUST),2,12
2018-04-02,Evening,Non-HKUST,9,23
2018-04-02,Evening,Total,349,1173
2018-04-02,All-Periods,Staff,65,348
2018-04-02,All-Periods,TPG,263,2305
2018-04-02,All-Periods,RPG,117,714
2018-04-02,All-Periods,UG,500,3358
2018-04-02,All-Periods,Alumni,24,184
2018-04-02,All-Periods,Others(HKUST),9,62
2018-04-02,All-Periods,Non-HKUST,33,183
2018-04-02,All-Periods,Total,1011,7154
2018-04-03,Midnight,Staff,4,11
2018-04-03,Midnight,TPG,15,31
2018-04-03,Midnight,RPG,6,17
2018-04-03,Midnight,UG,70,217
2018-04-03,Midnight,Alumni,1,3
2018-04-03,Midnight,Others(HKUST),3,30
2018-04-03,Midnight,Non-HKUST,0,0
2018-04-03,Midnight,Total,99,309
2018-04-03,Early-Morning,Staff,11,16
2018-04-03,Early-Morning,TPG,2,6
2018-04-03,Early-Morning,RPG,1,2
2018-04-03,Early-Morning,UG,19,57
2018-04-03,Early-Morning,Alumni,0,0
2018-04-03,Early-Morning,Others(HKUST),3,25
2018-04-03,Early-Morning,Non-HKUST,0,0
2018-04-03,Early-Morning,Total,36,106
2018-04-03,Morning,Staff,116,467
2018-04-03,Morning,TPG,109,365
2018-04-03,Morning,RPG,59,227
2018-04-03,Morning,UG,177,601
2018-04-03,Morning,Alumni,6,11
2018-04-03,Morning,Others(HKUST),11,36
2018-04-03,Morning,Non-HKUST,6,13
2018-04-03,Morning,Total,484,1720
2018-04-03,Afternoon,Staff,142,503
2018-04-03,Afternoon,TPG,257,1220
2018-04-03,Afternoon,RPG,106,404
2018-04-03,Afternoon,UG,401,1565
2018-04-03,Afternoon,Alumni,12,45
2018-04-03,Afternoon,Others(HKUST),10,53
2018-04-03,Afternoon,Non-HKUST,18,64
2018-04-03,Afternoon,Total,946,3854
2018-04-03,Late-Afternoon,Staff,103,340
2018-04-03,Late-Afternoon,TPG,272,1159
2018-04-03,Late-Afternoon,RPG,96,349
2018-04-03,Late-Afternoon,UG,404,1534
2018-04-03,Late-Afternoon,Alumni,10,44
2018-04-03,Late-Afternoon,Others(HKUST),8,35
2018-04-03,Late-Afternoon,Non-HKUST,16,45
2018-04-03,Late-Afternoon,Total,909,3506
2018-04-03,Evening,Staff,25,75
2018-04-03,Evening,TPG,149,548
2018-04-03,Evening,RPG,58,212
2018-04-03,Evening,UG,215,686
2018-04-03,Evening,Alumni,7,28
2018-04-03,Evening,Others(HKUST),4,16
2018-04-03,Evening,Non-HKUST,6,31
2018-04-03,Evening,Total,464,1596
2018-04-03,All-Periods,Staff,208,1366
2018-04-03,All-Periods,TPG,325,3106
2018-04-03,All-Periods,RPG,189,1163
2018-04-03,All-Periods,UG,671,4413
2018-04-03,All-Periods,Alumni,16,119
2018-04-03,All-Periods,Others(HKUST),20,152
2018-04-03,All-Periods,Non-HKUST,26,145
2018-04-03,All-Periods,Total,1455,10464
2018-04-04,Midnight,Staff,5,10
2018-04-04,Midnight,TPG,20,61
2018-04-04,Midnight,RPG,5,12
2018-04-04,Midnight,UG,74,206
2018-04-04,Midnight,Alumni,1,3
2018-04-04,Midnight,Others(HKUST),2,27
2018-04-04,Midnight,Non-HKUST,0,0
2018-04-04,Midnight,Total,107,319
2018-04-04,Early-Morning,Staff,8,15
2018-04-04,Early-Morning,TPG,4,5
2018-04-04,Early-Morning,RPG,1,1
2018-04-04,Early-Morning,UG,27,49
2018-04-04,Early-Morning,Alumni,0,0
2018-04-04,Early-Morning,Others(HKUST),2,22
2018-04-04,Early-Morning,Non-HKUST,0,0
2018-04-04,Early-Morning,Total,42,92
2018-04-04,Morning,Staff,107,402
2018-04-04,Morning,TPG,127,498
2018-04-04,Morning,RPG,60,227
2018-04-04,Morning,UG,245,847
2018-04-04,Morning,Alumni,9,31
2018-04-04,Morning,Others(HKUST),9,31
2018-04-04,Morning,Non-HKUST,10,25
2018-04-04,Morning,Total,567,2061
2018-04-04,Afternoon,Staff,157,499
2018-04-04,Afternoon,TPG,273,1381
2018-04-04,Afternoon,RPG,97,385
2018-04-04,Afternoon,UG,543,2398
2018-04-04,Afternoon,Alumni,15,84
2018-04-04,Afternoon,Others(HKUST),11,39
2018-04-04,Afternoon,Non-HKUST,18,43
2018-04-04,Afternoon,Total,1114,4829
2018-04-04,Late-Afternoon,Staff,98,286
2018-04-04,Late-Afternoon,TPG,273,1360
2018-04-04,Late-Afternoon,RPG,102,372
2018-04-04,Late-Afternoon,UG,533,2099
2018-04-04,Late-Afternoon,Alumni,14,64
2018-04-04,Late-Afternoon,Others(HKUST),6,22
2018-04-04,Late-Afternoon,Non-HKUST,13,44
2018-04-04,Late-Afternoon,Total,1039,4247
2018-04-04,Evening,Staff,20,64
2018-04-04,Evening,TPG,163,565
2018-04-04,Evening,RPG,53,174
2018-04-04,Evening,UG,275,996
2018-04-04,Evening,Alumni,11,36
2018-04-04,Evening,Others(HKUST),3,17
2018-04-04,Evening,Non-HKUST,8,16
2018-04-04,Evening,Total,533,1868
2018-04-04,All-Periods,Staff,197,1227
2018-04-04,All-Periods,TPG,341,3567
2018-04-04,All-Periods,RPG,177,1130
2018-04-04,All-Periods,UG,821,6252
2018-04-04,All-Periods,Alumni,22,204
2018-04-04,All-Periods,Others(HKUST),16,110
2018-04-04,All-Periods,Non-HKUST,28,121
2018-04-04,All-Periods,Total,1602,12611
2018-04-05,Midnight,Staff,4,6
2018-04-05,Midnight,TPG,20,55
2018-04-05,Midnight,RPG,15,53
2018-04-05,Midnight,UG,117,340
2018-04-05,Midnight,Alumni,1,3
2018-04-05,Midnight,Others(HKUST),2,25
2018-04-05,Midnight,Non-HKUST,2,4
2018-04-05,Midnight,Total,161,486
2018-04-05,Early-Morning,Staff,4,6
2018-04-05,Early-Morning,TPG,4,11
2018-04-05,Early-Morning,RPG,3,6
2018-04-05,Early-Morning,UG,37,70
2018-04-05,Early-Morning,Alumni,0,0
2018-04-05,Early-Morning,Others(HKUST),2,25
2018-04-05,Early-Morning,Non-HKUST,2,7
2018-04-05,Early-Morning,Total,52,125
2018-04-05,Morning,Staff,21,55
2018-04-05,Morning,TPG,127,508
2018-04-05,Morning,RPG,34,97
2018-04-05,Morning,UG,187,613
2018-04-05,Morning,Alumni,2,13
2018-04-05,Morning,Others(HKUST),5,19
2018-04-05,Morning,Non-HKUST,7,18
2018-04-05,Morning,Total,383,1323
2018-04-05,Afternoon,Staff,24,79
2018-04-05,Afternoon,TPG,253,1204
2018-04-05,Afternoon,RPG,55,179
2018-04-05,Afternoon,UG,386,1525
2018-04-05,Afternoon,Alumni,2,15
2018-04-05,Afternoon,Others(HKUST),3,15
2018-04-05,Afternoon,Non-HKUST,13,32
2018-04-05,Afternoon,Total,736,3049
2018-04-05,Late-Afternoon,Staff,23,71
2018-04-05,Late-Afternoon,TPG,258,1282
2018-04-05,Late-Afternoon,RPG,49,146
2018-04-05,Late-Afternoon,UG,357,1357
2018-04-05,Late-Afternoon,Alumni,3,10
2018-04-05,Late-Afternoon,Others(HKUST),4,16
2018-04-05,Late-Afternoon,Non-HKUST,10,30
2018-04-05,Late-Afternoon,Total,704,2912
2018-04-05,Evening,Staff,13,28
2018-04-05,Evening,TPG,145,509
2018-04-05,Evening,RPG,42,155
2018-04-05,Evening,UG,289,1012
2018-04-05,Evening,Alumni,1,1
2018-04-05,Evening,Others(HKUST),4,12
2018-04-05,Evening,Non-HKUST,5,12
2018-04-05,Evening,Total,499,1729
2018-04-05,All-Periods,Staff,46,219
2018-04-05,All-Periods,TPG,315,3278
2018-04-05,All-Periods,RPG,116,604
2018-04-05,All-Periods,UG,662,4641
2018-04-05,All-Periods,Alumni,5,42
2018-04-05,All-Periods,Others(HKUST),8,68
2018-04-05,All-Periods,Non-HKUST,19,93
2018-04-05,All-Periods,Total,1171,8945
2018-04-06,Midnight,Staff,5,13
2018-04-06,Midnight,TPG,23,58
2018-04-06,Midnight,RPG,11,36
2018-04-06,Midnight,UG,108,383
2018-04-06,Midnight,Alumni,0,0
2018-04-06,Midnight,Others(HKUST),3,34
2018-04-06,Midnight,Non-HKUST,1,7
2018-04-06,Midnight,Total,151,531
2018-04-06,Early-Morning,Staff,6,10
2018-04-06,Early-Morning,TPG,2,16
2018-04-06,Early-Morning,RPG,3,4
2018-04-06,Early-Morning,UG,52,151
2018-04-06,Early-Morning,Alumni,0,0
2018-04-06,Early-Morning,Others(HKUST),2,32
2018-04-06,Early-Morning,Non-HKUST,0,0
2018-04-06,Early-Morning,Total,65,213
2018-04-06,Morning,Staff,110,445
2018-04-06,Morning,TPG,199,813
2018-04-06,Morning,RPG,68,231
2018-04-06,Morning,UG,805,2627
2018-04-06,Morning,Alumni,9,27
2018-04-06,Morning,Others(HKUST),12,40
2018-04-06,Morning,Non-HKUST,20,49
2018-04-06,Morning,Total,1223,4232
2018-04-06,Afternoon,Staff,158,505
2018-04-06,Afternoon,TPG,411,2182
2018-04-06,Afternoon,RPG,118,459
2018-04-06,Afternoon,UG,1685,6720
2018-04-06,Afternoon,Alumni,14,69
2018-04-06,Afternoon,Others(HKUST),12,52
2018-04-06,Afternoon,Non-HKUST,36,84
2018-04-06,Afternoon,Total,2434,10071
2018-04-06,Late-Afternoon,Staff,99,321
2018-04-06,Late-Afternoon,TPG,424,1818
2018-04-06,Late-Afternoon,RPG,116,412
2018-04-06,Late-Afternoon,UG,1296,4727
2018-04-06,Late-Afternoon,Alumni,13,45
2018-04-06,Late-Afternoon,Others(HKUST),7,27
2018-04-06,Late-Afternoon,Non-HKUST,26,65
2018-04-06,Late-Afternoon,Total,1981,7415
2018-04-06,Evening,Staff,26,89
2018-04-06,Evening,TPG,168,582
2018-04-06,Evening,RPG,61,195
2018-04-06,Evening,UG,523,2057
2018-04-06,Evening,Alumni,8,36
2018-04-06,Evening,Others(HKUST),5,24
2018-04-06,Evening,Non-HKUST,8,14
2018-04-06,Evening,Total,799,2997
2018-04-06,All-Periods,Staff,205,1325
2018-04-06,All-Periods,TPG,542,5141
2018-04-06,All-Periods,RPG,213,1279
2018-04-06,All-Periods,UG,2426,16204
2018-04-06,All-Periods,Alumni,22,167
2018-04-06,All-Periods,Others(HKUST),18,163
2018-04-06,All-Periods,Non-HKUST,57,212
2018-04-06,All-Periods,Total,3483,24491
2018-04-07,Midnight,Staff,4,6
2018-04-07,Midnight,TPG,25,68
2018-04-07,Midnight,RPG,5,11
2018-04-07,Midnight,UG,136,361
2018-04-07,Midnight,Alumni,1,4
2018-04-07,Midnight,Others(HKUST),2,21
2018-04-07,Midnight,Non-HKUST,1,2
2018-04-07,Midnight,Total,174,473
2018-04-07,Early-Morning,Staff,1,2
2018-04-07,Early-Morning,TPG,0,0
2018-04-07,Early-Morning,RPG,0,0
2018-04-07,Early-Morning,UG,4,4
2018-04-07,Early-Morning,Alumni,0,0
2018-04-07,Early-Morning,Others(HKUST),1,2
2018-04-07,Early-Morning,Non-HKUST,0,0
2018-04-07,Early-Morning,Total,6,8
2018-04-07,Morning,Staff,12,16
2018-04-07,Morning,TPG,88,163
2018-04-07,Morning,RPG,26,47
2018-04-07,Morning,UG,188,309
2018-04-07,Morning,Alumni,8,13
2018-04-07,Morning,Others(HKUST),3,7
2018-04-07,Morning,Non-HKUST,9,13
2018-04-07,Morning,Total,334,568
2018-04-07,Afternoon,Staff,48,156
2018-04-07,Afternoon,TPG,375,1467
2018-04-07,Afternoon,RPG,74,282
2018-04-07,Afternoon,UG,649,2586
2018-04-07,Afternoon,Alumni,25,117
2018-04-07,Afternoon,Others(HKUST),7,29
2018-04-07,Afternoon,Non-HKUST,33,84
2018-04-07,Afternoon,Total,1211,4721
2018-04-07,Late-Afternoon,Staff,41,141
2018-04-07,Late-Afternoon,TPG,374,1556
2018-04-07,Late-Afternoon,RPG,81,297
2018-04-07,Late-Afternoon,UG,576,2314
2018-04-07,Late-Afternoon,Alumni,23,115
2018-04-07,Late-Afternoon,Others(HKUST),8,32
2018-04-07,Late-Afternoon,Non-HKUST,29,82
2018-04-07,Late-Afternoon,Total,1132,4537
2018-04-07,Evening,Staff,14,35
2018-04-07,Evening,TPG,216,683
2018-04-07,Evening,RPG,36,120
2018-04-07,Evening,UG,331,1227
2018-04-07,Evening,Alumni,14,35
2018-04-07,Evening,Others(HKUST),3,6
2018-04-07,Evening,Non-HKUST,11,33
2018-04-07,Evening,Total,625,2139
2018-04-07,All-Periods,Staff,71,343
2018-04-07,All-Periods,TPG,505,3721
2018-04-07,All-Periods,RPG,124,730
2018-04-07,All-Periods,UG,941,6501
2018-04-07,All-Periods,Alumni,34,273
2018-04-07,All-Periods,Others(HKUST),10,91
2018-04-07,All-Periods,Non-HKUST,45,201
2018-04-07,All-Periods,Total,1730,11860
2018-04-08,Midnight,Staff,1,1
2018-04-08,Midnight,TPG,22,48
2018-04-08,Midnight,RPG,8,24
2018-04-08,Midnight,UG,129,372
2018-04-08,Midnight,Alumni,0,0
2018-04-08,Midnight,Others(HKUST),3,21
2018-04-08,Midnight,Non-HKUST,3,4
2018-04-08,Midnight,Total,166,470
2018-04-08,Early-Morning,Staff,1,1
2018-04-08,Early-Morning,TPG,2,5
2018-04-08,Early-Morning,RPG,3,5
2018-04-08,Early-Morning,UG,34,105
2018-04-08,Early-Morning,Alumni,0,0
2018-04-08,Early-Morning,Others(HKUST),2,18
2018-04-08,Early-Morning,Non-HKUST,0,0
2018-04-08,Early-Morning,Total,42,134
2018-04-08,Morning,Staff,21,61
2018-04-08,Morning,TPG,166,606
2018-04-08,Morning,RPG,34,116
2018-04-08,Morning,UG,293,968
2018-04-08,Morning,Alumni,14,35
2018-04-08,Morning,Others(HKUST),5,26
2018-04-08,Morning,Non-HKUST,12,26
2018-04-08,Morning,Total,545,1838
2018-04-08,Afternoon,Staff,36,154
2018-04-08,Afternoon,TPG,406,1988
2018-04-08,Afternoon,RPG,77,252
2018-04-08,Afternoon,UG,593,2586
2018-04-08,Afternoon,Alumni,33,121
2018-04-08,Afternoon,Others(HKUST),6,20
2018-04-08,Afternoon,Non-HKUST,29,66
2018-04-08,Afternoon,Total,1180,5187
2018-04-08,Late-Afternoon,Staff,41,122
2018-04-08,Late-Afternoon,TPG,405,1971
2018-04-08,Late-Afternoon,RPG,89,312
2018-04-08,Late-Afternoon,UG,698,2994
2018-04-08,Late-Afternoon,Alumni,35,130
2018-04-08,Late-Afternoon,Others(HKUST),6,21
2018-04-08,Late-Afternoon,Non-HKUST,29,95
2018-04-08,Late-Afternoon,Total,1303,5645
2018-04-08,Evening,Staff,11,23
2018-04-08,Evening,TPG,218,766
2018-04-08,Evening,RPG,49,125
2018-04-08,Evening,UG,481,1763
2018-04-08,Evening,Alumni,10,37
2018-04-08,Evening,Others(HKUST),6,18
2018-04-08,Evening,Non-HKUST,15,53
2018-04-08,Evening,Total,790,2785
2018-04-08,All-Periods,Staff,58,344
2018-04-08,All-Periods,TPG,482,5029
2018-04-08,All-Periods,RPG,140,806
2018-04-08,All-Periods,UG,1012,8294
2018-04-08,All-Periods,Alumni,49,315
2018-04-08,All-Periods,Others(HKUST),9,114
2018-04-08,All-Periods,Non-HKUST,47,234
2018-04-08,All-Periods,Total,1797,15136
2018-04-09,Midnight,Staff,4,7
2018-04-09,Midnight,TPG,25,70
2018-04-09,Midnight,RPG,11,42
2018-04-09,Midnight,UG,166,539
2018-04-09,Midnight,Alumni,1,2
2018-04-09,Midnight,Others(HKUST),3,22
2018-04-09,Midnight,Non-HKUST,5,14
2018-04-09,Midnight,Total,215,696
2018-04-09,Early-Morning,Staff,6,16
2018-04-09,Early-Morning,TPG,3,6
2018-04-09,Early-Morning,RPG,2,6
2018-04-09,Early-Morning,UG,51,142
2018-04-09,Early-Morning,Alumni,0,0
2018-04-09,Early-Morning,Others(HKUST),2,13
2018-04-09,Early-Morning,Non-HKUST,2,6
2018-04-09,Early-Morning,Total,66,189
2018-04-09,Morning,Staff,117,511
2018-04-09,Morning,TPG,228,878
2018-04-09,Morning,RPG,64,255
2018-04-09,Morning,UG,1044,3445
2018-04-09,Morning,Alumni,8,26
2018-04-09,Morning,Others(HKUST),11,37
2018-04-09,Morning,Non-HKUST,22,49
2018-04-09,Morning,Total,1494,5201
2018-04-09,Afternoon,Staff,158,534
2018-04-09,Afternoon,TPG,530,2794
2018-04-09,Afternoon,RPG,112,408
2018-04-09,Afternoon,UG,2252,8819
2018-04-09,Afternoon,Alumni,12,84
2018-04-09,Afternoon,Others(HKUST),11,58
2018-04-09,Afternoon,Non-HKUST,46,116
2018-04-09,Afternoon,Total,3121,12813
2018-04-09,Late-Afternoon,Staff,103,353
2018-04-09,Late-Afternoon,TPG,575,2646
2018-04-09,Late-Afternoon,RPG,100,388
2018-04-09,Late-Afternoon,UG,1993,8065
2018-04-09,Late-Afternoon,Alumni,12,53
2018-04-09,Late-Afternoon,Others(HKUST),13,37
2018-04-09,Late-Afternoon,Non-HKUST,46,120
2018-04-09,Late-Afternoon,Total,2842,11662
2018-04-09,Evening,Staff,21,67
2018-04-09,Evening,TPG,250,848
2018-04-09,Evening,RPG,68,232
2018-04-09,Evening,UG,1021,4263
2018-04-09,Evening,Alumni,13,45
2018-04-09,Evening,Others(HKUST),4,10
2018-04-09,Evening,Non-HKUST,19,53
2018-04-09,Evening,Total,1396,5518
2018-04-09,All-Periods,Staff,219,1443
2018-04-09,All-Periods,TPG,711,6855
2018-04-09,All-Periods,RPG,218,1294
2018-04-09,All-Periods,UG,3405,24707
2018-04-09,All-Periods,Alumni,22,203
2018-04-09,All-Periods,Others(HKUST),19,158
2018-04-09,All-Periods,Non-HKUST,77,353
2018-04-09,All-Periods,Total,4671,35013
2018-04-10,Midnight,Staff,4,8
2018-04-10,Midnight,TPG,26,64
2018-04-10,Midnight,RPG,14,34
2018-04-10,Midnight,UG,233,655
2018-04-10,Midnight,Alumni,2,6
2018-04-10,Midnight,Others(HKUST),3,18
2018-04-10,Midnight,Non-HKUST,3,4
2018-04-10,Midnight,Total,285,789
2018-04-10,Early-Morning,Staff,6,10
2018-04-10,Early-Morning,TPG,1,3
2018-04-10,Early-Morning,RPG,0,0
2018-04-10,Early-Morning,UG,53,154
2018-04-10,Early-Morning,Alumni,0,0
2018-04-10,Early-Morning,Others(HKUST),3,23
2018-04-10,Early-Morning,Non-HKUST,2,4
2018-04-10,Early-Morning,Total,65,194
2018-04-10,Morning,Staff,122,465
2018-04-10,Morning,TPG,280,1135
2018-04-10,Morning,RPG,91,321
2018-04-10,Morning,UG,1013,3427
2018-04-10,Morning,Alumni,7,24
2018-04-10,Morning,Others(HKUST),9,35
2018-04-10,Morning,Non-HKUST,45,102
2018-04-10,Morning,Total,1567,5509
2018-04-10,Afternoon,Staff,172,668
2018-04-10,Afternoon,TPG,575,3048
2018-04-10,Afternoon,RPG,155,629
2018-04-10,Afternoon,UG,2309,9274
2018-04-10,Afternoon,Alumni,11,50
2018-04-10,Afternoon,Others(HKUST),14,55
2018-04-10,Afternoon,Non-HKUST,71,242
2018-04-10,Afternoon,Total,3307,13966
2018-04-10,Late-Afternoon,Staff,116,371
2018-04-10,Late-Afternoon,TPG,608,2787
2018-04-10,Late-Afternoon,RPG,129,432
2018-04-10,Late-Afternoon,UG,2052,8045
2018-04-10,Late-Afternoon,Alumni,12,45
2018-04-10,Late-Afternoon,Others(HKUST),11,30
2018-04-10,Late-Afternoon,Non-HKUST,55,191
2018-04-10,Late-Afternoon,Total,2983,11901
2018-04-10,Evening,Staff,29,68
2018-04-10,Evening,TPG,218,730
2018-04-10,Evening,RPG,63,203
2018-04-10,Evening,UG,935,3474
2018-04-10,Evening,Alumni,11,36
2018-04-10,Evening,Others(HKUST),4,13
2018-04-10,Evening,Non-HKUST,26,52
2018-04-10,Evening,Total,1286,4576
2018-04-10,All-Periods,Staff,233,1541
2018-04-10,All-Periods,TPG,747,7379
2018-04-10,All-Periods,RPG,268,1578
2018-04-10,All-Periods,UG,3523,24601
2018-04-10,All-Periods,Alumni,23,153
2018-04-10,All-Periods,Others(HKUST),19,151
2018-04-10,All-Periods,Non-HKUST,102,581
2018-04-10,All-Periods,Total,4915,35984
2018-04-11,Midnight,Staff,3,5
2018-04-11,Midnight,TPG,40,93
2018-04-11,Midnight,RPG,14,34
2018-04-11,Midnight,UG,210,569
2018-04-11,Midnight,Alumni,0,0
2018-04-11,Midnight,Others(HKUST),3,23
2018-04-11,Midnight,Non-HKUST,4,7
2018-04-11,Midnight,Total,274,731
2018-04-11,Early-Morning,Staff,7,9
2018-04-11,Early-Morning,TPG,5,16
2018-04-11,Early-Morning,RPG,2,7
2018-04-11,Early-Morning,UG,49,142
2018-04-11,Early-Morning,Alumni,0,0
2018-04-11,Early-Morning,Others(HKUST),3,31
2018-04-11,Early-Morning,Non-HKUST,1,6
2018-04-11,Early-Morning,Total,67,211
2018-04-11,Morning,Staff,129,541
2018-04-11,Morning,TPG,283,1072
2018-04-11,Morning,RPG,67,210
2018-04-11,Morning,UG,971,3258
2018-04-11,Morning,Alumni,12,54
2018-04-11,Morning,Others(HKUST),9,42
2018-04-11,Morning,Non-HKUST,45,117
2018-04-11,Morning,Total,1516,5294
2018-04-11,Afternoon,Staff,178,667
2018-04-11,Afternoon,TPG,563,2801
2018-04-11,Afternoon,RPG,103,407
2018-04-11,Afternoon,UG,2241,9002
2018-04-11,Afternoon,Alumni,14,84
2018-04-11,Afternoon,Others(HKUST),11,53
2018-04-11,Afternoon,Non-HKUST,65,207
2018-04-11,Afternoon,Total,3175,13221
2018-04-11,Late-Afternoon,Staff,108,357
2018-04-11,Late-Afternoon,TPG,587,2778
2018-04-11,Late-Afternoon,RPG,107,320
2018-04-11,Late-Afternoon,UG,1883,7383
2018-04-11,Late-Afternoon,Alumni,14,51
2018-04-11,Late-Afternoon,Others(HKUST),9,44
2018-04-11,Late-Afternoon,Non-HKUST,58,207
2018-04-11,Late-Afternoon,Total,2766,11140
2018-04-11,Evening,Staff,35,117
2018-04-11,Evening,TPG,264,870
2018-04-11,Evening,RPG,71,207
2018-04-11,Evening,UG,826,3309
2018-04-11,Evening,Alumni,8,42
2018-04-11,Evening,Others(HKUST),6,42
2018-04-11,Evening,Non-HKUST,18,46
2018-04-11,Evening,Total,1228,4633
2018-04-11,All-Periods,Staff,238,1649
2018-04-11,All-Periods,TPG,755,7195
2018-04-11,All-Periods,RPG,222,1153
2018-04-11,All-Periods,UG,3357,23223
2018-04-11,All-Periods,Alumni,23,223
2018-04-11,All-Periods,Others(HKUST),15,199
2018-04-11,All-Periods,Non-HKUST,108,577
2018-04-11,All-Periods,Total,4718,34219
2018-04-12,Midnight,Staff,3,8
2018-04-12,Midnight,TPG,32,107
2018-04-12,Midnight,RPG,13,27
2018-04-12,Midnight,UG,192,581
2018-04-12,Midnight,Alumni,2,2
2018-04-12,Midnight,Others(HKUST),4,38
2018-04-12,Midnight,Non-HKUST,2,4
2018-04-12,Midnight,Total,248,767
2018-04-12,Early-Morning,Staff,7,17
2018-04-12,Early-Morning,TPG,6,15
2018-04-12,Early-Morning,RPG,3,4
2018-04-12,Early-Morning,UG,32,83
2018-04-12,Early-Morning,Alumni,0,0
2018-04-12,Early-Morning,Others(HKUST),3,39
2018-04-12,Early-Morning,Non-HKUST,0,0
2018-04-12,Early-Morning,Total,51,158
2018-04-12,Morning,Staff,113,321
2018-04-12,Morning,TPG,218,543
2018-04-12,Morning,RPG,47,112
2018-04-12,Morning,UG,453,997
2018-04-12,Morning,Alumni,7,19
2018-04-12,Morning,Others(HKUST),9,28
2018-04-12,Morning,Non-HKUST,19,48
2018-04-12,Morning,Total,866,2068
2018-04-12,Afternoon,Staff,168,590
2018-04-12,Afternoon,TPG,547,2638
2018-04-12,Afternoon,RPG,100,380
2018-04-12,Afternoon,UG,2022,7838
2018-04-12,Afternoon,Alumni,10,39
2018-04-12,Afternoon,Others(HKUST),15,67
2018-04-12,Afternoon,Non-HKUST,48,169
2018-04-12,Afternoon,Total,2910,11721
2018-04-12,Late-Afternoon,Staff,138,398
2018-04-12,Late-Afternoon,TPG,590,2638
2018-04-12,Late-Afternoon,RPG,125,435
2018-04-12,Late-Afternoon,UG,1863,7044
2018-04-12,Late-Afternoon,Alumni,15,54
2018-04-12,Late-Afternoon,Others(HKUST),12,49
2018-04-12,Late-Afternoon,Non-HKUST,49,161
2018-04-12,Late-Afternoon,Total,2792,10779
2018-04-12,Evening,Staff,23,58
2018-04-12,Evening,TPG,187,603
2018-04-12,Evening,RPG,65,160
2018-04-12,Evening,UG,927,3421
2018-04-12,Evening,Alumni,13,44
2018-04-12,Evening,Others(HKUST),6,22
2018-04-12,Evening,Non-HKUST,20,60
2018-04-12,Evening,Total,1241,4368
2018-04-12,All-Periods,Staff,232,1353
2018-04-12,All-Periods,TPG,703,6196
2018-04-12,All-Periods,RPG,203,1085
2018-04-12,All-Periods,UG,3136,19570
2018-04-12,All-Periods,Alumni,24,153
2018-04-12,All-Periods,Others(HKUST),21,201
2018-04-12,All-Periods,Non-HKUST,83,434
2018-04-12,All-Periods,Total,4402,28992
2018-04-13,Midnight,Staff,2,2
2018-04-13,Midnight,TPG,6,16
2018-04-13,Midnight,RPG,2,4
2018-04-13,Midnight,UG,54,142
2018-04-13,Midnight,Alumni,1,2
2018-04-13,Midnight,Others(HKUST),4,17
2018-04-13,Midnight,Non-HKUST,1,1
2018-04-13,Midnight,Total,70,184
2018-04-13,Early-Morning,Staff,3,5
2018-04-13,Early-Morning,TPG,7,26
2018-04-13,Early-Morning,RPG,3,4
2018-04-13,Early-Morning,UG,47,124
2018-04-13,Early-Morning,Alumni,0,0
2018-04-13,Early-Morning,Others(HKUST),3,17
2018-04-13,Early-Morning,Non-HKUST,2,4
2018-04-13,Early-Morning,Total,65,180
2018-04-13,Morning,Staff,106,285
2018-04-13,Morning,TPG,240,667
2018-04-13,Morning,RPG,62,153
2018-04-13,Morning,UG,790,1981
2018-04-13,Morning,Alumni,4,11
2018-04-13,Morning,Others(HKUST),11,24
2018-04-13,Morning,Non-HKUST,17,35
2018-04-13,Morning,Total,1230,3156
2018-04-13,Afternoon,Staff,130,265
2018-04-13,Afternoon,TPG,480,1326
2018-04-13,Afternoon,RPG,71,175
2018-04-13,Afternoon,UG,1365,3113
2018-04-13,Afternoon,Alumni,4,10
2018-04-13,Afternoon,Others(HKUST),13,28
2018-04-13,Afternoon,Non-HKUST,45,80
2018-04-13,Afternoon,Total,2108,4997
2018-04-13,Late-Afternoon,Staff,87,206
2018-04-13,Late-Afternoon,TPG,480,1783
2018-04-13,Late-Afternoon,RPG,76,231
2018-04-13,Late-Afternoon,UG,1224,3627
2018-04-13,Late-Afternoon,Alumni,6,11
2018-04-13,Late-Afternoon,Others(HKUST),8,28
2018-04-13,Late-Afternoon,Non-HKUST,32,70
2018-04-13,Late-Afternoon,Total,1913,5956
2018-04-13,Evening,Staff,25,61
2018-04-13,Evening,TPG,258,912
2018-04-13,Evening,RPG,49,119
2018-04-13,Evening,UG,521,1893
2018-04-13,Evening,Alumni,8,26
2018-04-13,Evening,Others(HKUST),7,26
2018-04-13,Evening,Non-HKUST,9,20
2018-04-13,Evening,Total,877,3057
2018-04-13,All-Periods,Staff,179,786
2018-04-13,All-Periods,TPG,649,4392
2018-04-13,All-Periods,RPG,148,657
2018-04-13,All-Periods,UG,2356,10582
2018-04-13,All-Periods,Alumni,13,60
2018-04-13,All-Periods,Others(HKUST),21,92
2018-04-13,All-Periods,Non-HKUST,64,205
2018-04-13,All-Periods,Total,3430,16774
2018-04-14,Midnight,Staff,3,8
2018-04-14,Midnight,TPG,35,77
2018-04-14,Midnight,RPG,6,15
2018-04-14,Midnight,UG,101,237
2018-04-14,Midnight,Alumni,3,4
2018-04-14,Midnight,Others(HKUST),4,13
2018-04-14,Midnight,Non-HKUST,3,6
2018-04-14,Midnight,Total,155,360
2018-04-14,Early-Morning,Staff,1,4
2018-04-14,Early-Morning,TPG,2,8
2018-04-14,Early-Morning,RPG,1,5
2018-04-14,Early-Morning,UG,17,46
2018-04-14,Early-Morning,Alumni,0,0
2018-04-14,Early-Morning,Others(HKUST),4,23
2018-04-14,Early-Morning,Non-HKUST,1,2
2018-04-14,Early-Morning,Total,26,88
2018-04-14,Morning,Staff,34,106
2018-04-14,Morning,TPG,227,758
2018-04-14,Morning,RPG,38,115
2018-04-14,Morning,UG,203,710
2018-04-14,Morning,Alumni,13,33
2018-04-14,Morning,Others(HKUST),9,33
2018-04-14,Morning,Non-HKUST,13,41
2018-04-14,Morning,Total,537,1796
2018-04-14,Afternoon,Staff,44,179
2018-04-14,Afternoon,TPG,485,2124
2018-04-14,Afternoon,RPG,92,357
2018-04-14,Afternoon,UG,485,2020
2018-04-14,Afternoon,Alumni,30,124
2018-04-14,Afternoon,Others(HKUST),11,55
2018-04-14,Afternoon,Non-HKUST,31,100
2018-04-14,Afternoon,Total,1178,4959
2018-04-14,Late-Afternoon,Staff,43,168
2018-04-14,Late-Afternoon,TPG,433,1876
2018-04-14,Late-Afternoon,RPG,92,337
2018-04-14,Late-Afternoon,UG,494,1910
2018-04-14,Late-Afternoon,Alumni,31,116
2018-04-14,Late-Afternoon,Others(HKUST),9,32
2018-04-14,Late-Afternoon,Non-HKUST,30,95
2018-04-14,Late-Afternoon,Total,1132,4534
2018-04-14,Evening,Staff,13,37
2018-04-14,Evening,TPG,217,657
2018-04-14,Evening,RPG,42,121
2018-04-14,Evening,UG,314,1034
2018-04-14,Evening,Alumni,10,34
2018-04-14,Evening,Others(HKUST),5,17
2018-04-14,Evening,Non-HKUST,14,38
2018-04-14,Evening,Total,615,1938
2018-04-14,All-Periods,Staff,78,480
2018-04-14,All-Periods,TPG,640,5229
2018-04-14,All-Periods,RPG,150,920
2018-04-14,All-Periods,UG,811,5675
2018-04-14,All-Periods,Alumni,43,299
2018-04-14,All-Periods,Others(HKUST),15,130
2018-04-14,All-Periods,Non-HKUST,45,268
2018-04-14,All-Periods,Total,1782,13001
2018-04-15,Midnight,Staff,3,19
2018-04-15,Midnight,TPG,26,65
2018-04-15,Midnight,RPG,11,29
2018-04-15,Midnight,UG,91,273
2018-04-15,Midnight,Alumni,4,9
2018-04-15,Midnight,Others(HKUST),5,26
2018-04-15,Midnight,Non-HKUST,4,9
2018-04-15,Midnight,Total,144,430
2018-04-15,Early-Morning,Staff,3,8
2018-04-15,Early-Morning,TPG,1,3
2018-04-15,Early-Morning,RPG,1,2
2018-04-15,Early-Morning,UG,21,57
2018-04-15,Early-Morning,Alumni,1,1
2018-04-15,Early-Morning,Others(HKUST),3,17
2018-04-15,Early-Morning,Non-HKUST,0,0
2018-04-15,Early-Morning,Total,30,88
2018-04-15,Morning,Staff,25,71
2018-04-15,Morning,TPG,147,553
2018-04-15,Morning,RPG,32,126
2018-04-15,Morning,UG,252,926
2018-04-15,Morning,Alumni,10,30
2018-04-15,Morning,Others(HKUST),5,14
2018-04-15,Morning,Non-HKUST,14,34
2018-04-15,Morning,Total,485,1754
2018-04-15,Afternoon,Staff,43,135
2018-04-15,Afternoon,TPG,329,1539
2018-04-15,Afternoon,RPG,78,340
2018-04-15,Afternoon,UG,614,2512
2018-04-15,Afternoon,Alumni,26,113
2018-04-15,Afternoon,Others(HKUST),5,15
2018-04-15,Afternoon,Non-HKUST,38,122
2018-04-15,Afternoon,Total,1133,4776
2018-04-15,Late-Afternoon,Staff,45,133
2018-04-15,Late-Afternoon,TPG,344,1616
2018-04-15,Late-Afternoon,RPG,83,317
2018-04-15,Late-Afternoon,UG,685,2876
2018-04-15,Late-Afternoon,Alumni,24,106
2018-04-15,Late-Afternoon,Others(HKUST),7,27
2018-04-15,Late-Afternoon,Non-HKUST,41,113
2018-04-15,Late-Afternoon,Total,1229,5188
2018-04-15,Evening,Staff,12,27
2018-04-15,Evening,TPG,204,713
2018-04-15,Evening,RPG,45,155
2018-04-15,Evening,UG,435,1506
2018-04-15,Evening,Alumni,9,22
2018-04-15,Evening,Others(HKUST),3,16
2018-04-15,Evening,Non-HKUST,20,63
2018-04-15,Evening,Total,728,2502
2018-04-15,All-Periods,Staff,69,379
2018-04-15,All-Periods,TPG,422,4177
2018-04-15,All-Periods,RPG,149,943
2018-04-15,All-Periods,UG,1017,7778
2018-04-15,All-Periods,Alumni,34,268
2018-04-15,All-Periods,Others(HKUST),10,68
2018-04-15,All-Periods,Non-HKUST,57,325
2018-04-15,All-Periods,Total,1758,13938
2018-04-16,Midnight,Staff,0,0
2018-04-16,Midnight,TPG,25,67
2018-04-16,Midnight,RPG,14,49
2018-04-16,Midnight,UG,144,412
2018-04-16,Midnight,Alumni,1,2
2018-04-16,Midnight,Others(HKUST),3,23
2018-04-16,Midnight,Non-HKUST,4,17
2018-04-16,Midnight,Total,191,570
2018-04-16,Early-Morning,Staff,4,10
2018-04-16,Early-Morning,TPG,2,2
2018-04-16,Early-Morning,RPG,1,1
2018-04-16,Early-Morning,UG,22,57
2018-04-16,Early-Morning,Alumni,0,0
2018-04-16,Early-Morning,Others(HKUST),4,20
2018-04-16,Early-Morning,Non-HKUST,0,0
2018-04-16,Early-Morning,Total,33,90
2018-04-16,Morning,Staff,106,424
2018-04-16,Morning,TPG,232,900
2018-04-16,Morning,RPG,81,227
2018-04-16,Morning,UG,819,2688
2018-04-16,Morning,Alumni,6,16
2018-04-16,Morning,Others(HKUST),11,30
2018-04-16,Morning,Non-HKUST,27,89
2018-04-16,Morning,Total,1282,4374
2018-04-16,Afternoon,Staff,160,546
2018-04-16,Afternoon,TPG,543,2922
2018-04-16,Afternoon,RPG,113,454
2018-04-16,Afternoon,UG,2126,8490
2018-04-16,Afternoon,Alumni,11,44
2018-04-16,Afternoon,Others(HKUST),11,33
2018-04-16,Afternoon,Non-HKUST,60,181
2018-04-16,Afternoon,Total,3024,12670
2018-04-16,Late-Afternoon,Staff,110,333
2018-04-16,Late-Afternoon,TPG,557,2685
2018-04-16,Late-Afternoon,RPG,122,410
2018-04-16,Late-Afternoon,UG,1977,8034
2018-04-16,Late-Afternoon,Alumni,8,41
2018-04-16,Late-Afternoon,Others(HKUST),12,33
2018-04-16,Late-Afternoon,Non-HKUST,52,172
2018-04-16,Late-Afternoon,Total,2838,11708
2018-04-16,Evening,Staff,25,71
2018-04-16,Evening,TPG,260,972
2018-04-16,Evening,RPG,63,198
2018-04-16,Evening,UG,952,3851
2018-04-16,Evening,Alumni,9,38
2018-04-16,Evening,Others(HKUST),6,20
2018-04-16,Evening,Non-HKUST,23,60
2018-04-16,Evening,Total,1338,5210
2018-04-16,All-Periods,Staff,225,1340
2018-04-16,All-Periods,TPG,713,7143
2018-04-16,All-Periods,RPG,224,1301
2018-04-16,All-Periods,UG,3324,23103
2018-04-16,All-Periods,Alumni,19,135
2018-04-16,All-Periods,Others(HKUST),17,106
2018-04-16,All-Periods,Non-HKUST,96,506
2018-04-16,All-Periods,Total,4618,33634
2018-04-17,Midnight,Staff,0,0
2018-04-17,Midnight,TPG,26,59
2018-04-17,Midnight,RPG,8,24
2018-04-17,Midnight,UG,233,673
2018-04-17,Midnight,Alumni,0,0
2018-04-17,Midnight,Others(HKUST),5,32
2018-04-17,Midnight,Non-HKUST,5,18
2018-04-17,Midnight,Total,277,806
2018-04-17,Early-Morning,Staff,7,12
2018-04-17,Early-Morning,TPG,0,0
2018-04-17,Early-Morning,RPG,4,8
2018-04-17,Early-Morning,UG,48,100
2018-04-17,Early-Morning,Alumni,0,0
2018-04-17,Early-Morning,Others(HKUST),4,27
2018-04-17,Early-Morning,Non-HKUST,0,0
2018-04-17,Early-Morning,Total,63,147
2018-04-17,Morning,Staff,123,483
2018-04-17,Morning,TPG,251,976
2018-04-17,Morning,RPG,99,349
2018-04-17,Morning,UG,917,3036
2018-04-17,Morning,Alumni,12,36
2018-04-17,Morning,Others(HKUST),17,52
2018-04-17,Morning,Non-HKUST,36,118
2018-04-17,Morning,Total,1455,5050
2018-04-17,Afternoon,Staff,165,646
2018-04-17,Afternoon,TPG,610,3131
2018-04-17,Afternoon,RPG,120,454
2018-04-17,Afternoon,UG,2198,8506
2018-04-17,Afternoon,Alumni,13,47
2018-04-17,Afternoon,Others(HKUST),19,63
2018-04-17,Afternoon,Non-HKUST,59,178
2018-04-17,Afternoon,Total,3184,13025
2018-04-17,Late-Afternoon,Staff,121,400
2018-04-17,Late-Afternoon,TPG,609,2841
2018-04-17,Late-Afternoon,RPG,109,402
2018-04-17,Late-Afternoon,UG,1923,7215
2018-04-17,Late-Afternoon,Alumni,13,63
2018-04-17,Late-Afternoon,Others(HKUST),7,28
2018-04-17,Late-Afternoon,Non-HKUST,57,128
2018-04-17,Late-Afternoon,Total,2839,11077
2018-04-17,Evening,Staff,25,91
2018-04-17,Evening,TPG,231,843
2018-04-17,Evening,RPG,75,226
2018-04-17,Evening,UG,956,3862
2018-04-17,Evening,Alumni,10,65
2018-04-17,Evening,Others(HKUST),5,25
2018-04-17,Evening,Non-HKUST,19,64
2018-04-17,Evening,Total,1321,5176
2018-04-17,All-Periods,Staff,231,1589
2018-04-17,All-Periods,TPG,761,7418
2018-04-17,All-Periods,RPG,243,1420
2018-04-17,All-Periods,UG,3473,23005
2018-04-17,All-Periods,Alumni,24,205
2018-04-17,All-Periods,Others(HKUST),27,179
2018-04-17,All-Periods,Non-HKUST,99,493
2018-04-17,All-Periods,Total,4858,34309
2018-04-18,Midnight,Staff,3,3
2018-04-18,Midnight,TPG,21,50
2018-04-18,Midnight,RPG,14,40
2018-04-18,Midnight,UG,231,722
2018-04-18,Midnight,Alumni,3,6
2018-04-18,Midnight,Others(HKUST),3,16
2018-04-18,Midnight,Non-HKUST,4,6
2018-04-18,Midnight,Total,279,843
2018-04-18,Early-Morning,Staff,5,7
2018-04-18,Early-Morning,TPG,1,1
2018-04-18,Early-Morning,RPG,2,6
2018-04-18,Early-Morning,UG,32,74
2018-04-18,Early-Morning,Alumni,0,0
2018-04-18,Early-Morning,Others(HKUST),4,21
2018-04-18,Early-Morning,Non-HKUST,0,0
2018-04-18,Early-Morning,Total,44,109
2018-04-18,Morning,Staff,125,488
2018-04-18,Morning,TPG,254,863
2018-04-18,Morning,RPG,83,226
2018-04-18,Morning,UG,844,2469
2018-04-18,Morning,Alumni,9,21
2018-04-18,Morning,Others(HKUST),16,44
2018-04-18,Morning,Non-HKUST,32,85
2018-04-18,Morning,Total,1363,4196
2018-04-18,Afternoon,Staff,160,533
2018-04-18,Afternoon,TPG,568,2866
2018-04-18,Afternoon,RPG,113,404
2018-04-18,Afternoon,UG,2144,8496
2018-04-18,Afternoon,Alumni,18,86
2018-04-18,Afternoon,Others(HKUST),14,47
2018-04-18,Afternoon,Non-HKUST,57,163
2018-04-18,Afternoon,Total,3074,12595
2018-04-18,Late-Afternoon,Staff,109,329
2018-04-18,Late-Afternoon,TPG,548,1830
2018-04-18,Late-Afternoon,RPG,118,299
2018-04-18,Late-Afternoon,UG,1757,5196
2018-04-18,Late-Afternoon,Alumni,14,34
2018-04-18,Late-Afternoon,Others(HKUST),9,25
2018-04-18,Late-Afternoon,Non-HKUST,45,111
2018-04-18,Late-Afternoon,Total,2600,7824
2018-04-18,Evening,Staff,26,93
2018-04-18,Evening,TPG,267,934
2018-04-18,Evening,RPG,71,205
2018-04-18,Evening,UG,993,3774
2018-04-18,Evening,Alumni,8,37
2018-04-18,Evening,Others(HKUST),5,18
2018-04-18,Evening,Non-HKUST,25,55
2018-04-18,Evening,Total,1395,5116
2018-04-18,All-Periods,Staff,232,1432
2018-04-18,All-Periods,TPG,734,6200
2018-04-18,All-Periods,RPG,246,1154
2018-04-18,All-Periods,UG,3233,20366
2018-04-18,All-Periods,Alumni,27,178
2018-04-18,All-Periods,Others(HKUST),19,123
2018-04-18,All-Periods,Non-HKUST,94,410
2018-04-18,All-Periods,Total,4585,29863
2018-04-19,Midnight,Staff,3,4
2018-04-19,Midnight,TPG,32,91
2018-04-19,Midnight,RPG,12,44
2018-04-19,Midnight,UG,244,765
2018-04-19,Midnight,Alumni,1,3
2018-04-19,Midnight,Others(HKUST),4,31
2018-04-19,Midnight,Non-HKUST,7,19
2018-04-19,Midnight,Total,303,957
2018-04-19,Early-Morning,Staff,5,8
2018-04-19,Early-Morning,TPG,7,16
2018-04-19,Early-Morning,RPG,3,6
2018-04-19,Early-Morning,UG,42,100
2018-04-19,Early-Morning,Alumni,0,0
2018-04-19,Early-Morning,Others(HKUST),5,22
2018-04-19,Early-Morning,Non-HKUST,1,2
2018-04-19,Early-Morning,Total,63,154
2018-04-19,Morning,Staff,106,381
2018-04-19,Morning,TPG,258,923
2018-04-19,Morning,RPG,81,236
2018-04-19,Morning,UG,912,2910
2018-04-19,Morning,Alumni,12,37
2018-04-19,Morning,Others(HKUST),14,41
2018-04-19,Morning,Non-HKUST,31,78
2018-04-19,Morning,Total,1414,4606
2018-04-19,Afternoon,Staff,152,536
2018-04-19,Afternoon,TPG,581,3120
2018-04-19,Afternoon,RPG,141,474
2018-04-19,Afternoon,UG,2229,8975
2018-04-19,Afternoon,Alumni,21,104
2018-04-19,Afternoon,Others(HKUST),17,60
2018-04-19,Afternoon,Non-HKUST,61,203
2018-04-19,Afternoon,Total,3202,13472
2018-04-19,Late-Afternoon,Staff,103,297
2018-04-19,Late-Afternoon,TPG,613,2789
2018-04-19,Late-Afternoon,RPG,131,427
2018-04-19,Late-Afternoon,UG,1811,6946
2018-04-19,Late-Afternoon,Alumni,19,75
2018-04-19,Late-Afternoon,Others(HKUST),12,36
2018-04-19,Late-Afternoon,Non-HKUST,53,142
2018-04-19,Late-Afternoon,Total,2742,10712
2018-04-19,Evening,Staff,23,95
2018-04-19,Evening,TPG,226,873
2018-04-19,Evening,RPG,65,209
2018-04-19,Evening,UG,848,3474
2018-04-19,Evening,Alumni,7,24
2018-04-19,Evening,Others(HKUST),4,18
2018-04-19,Evening,Non-HKUST,18,48
2018-04-19,Evening,Total,1191,4741
2018-04-19,All-Periods,Staff,214,1276
2018-04-19,All-Periods,TPG,761,7380
2018-04-19,All-Periods,RPG,250,1349
2018-04-19,All-Periods,UG,3387,22758
2018-04-19,All-Periods,Alumni,26,233
2018-04-19,All-Periods,Others(HKUST),21,160
2018-04-19,All-Periods,Non-HKUST,97,485
2018-04-19,All-Periods,Total,4756,33641
2018-04-20,Midnight,Staff,3,25
2018-04-20,Midnight,TPG,37,122
2018-04-20,Midnight,RPG,8,21
2018-04-20,Midnight,UG,181,591
2018-04-20,Midnight,Alumni,1,3
2018-04-20,Midnight,Others(HKUST),3,23
2018-04-20,Midnight,Non-HKUST,8,29
2018-04-20,Midnight,Total,241,814
2018-04-20,Early-Morning,Staff,7,31
2018-04-20,Early-Morning,TPG,7,16
2018-04-20,Early-Morning,RPG,4,9
2018-04-20,Early-Morning,UG,33,65
2018-04-20,Early-Morning,Alumni,0,0
2018-04-20,Early-Morning,Others(HKUST),5,24
2018-04-20,Early-Morning,Non-HKUST,4,8
2018-04-20,Early-Morning,Total,60,153
2018-04-20,Morning,Staff,110,434
2018-04-20,Morning,TPG,231,791
2018-04-20,Morning,RPG,76,241
2018-04-20,Morning,UG,796,2593
2018-04-20,Morning,Alumni,5,18
2018-04-20,Morning,Others(HKUST),14,47
2018-04-20,Morning,Non-HKUST,20,46
2018-04-20,Morning,Total,1252,4170
2018-04-20,Afternoon,Staff,164,512
2018-04-20,Afternoon,TPG,509,2379
2018-04-20,Afternoon,RPG,103,385
2018-04-20,Afternoon,UG,1899,7802
2018-04-20,Afternoon,Alumni,10,49
2018-04-20,Afternoon,Others(HKUST),16,40
2018-04-20,Afternoon,Non-HKUST,40,118
2018-04-20,Afternoon,Total,2741,11285
2018-04-20,Late-Afternoon,Staff,104,327
2018-04-20,Late-Afternoon,TPG,505,2242
2018-04-20,Late-Afternoon,RPG,109,369
2018-04-20,Late-Afternoon,UG,1510,5882
2018-04-20,Late-Afternoon,Alumni,10,46
2018-04-20,Late-Afternoon,Others(HKUST),6,17
2018-04-20,Late-Afternoon,Non-HKUST,33,105
2018-04-20,Late-Afternoon,Total,2277,8988
2018-04-20,Evening,Staff,24,80
2018-04-20,Evening,TPG,237,818
2018-04-20,Evening,RPG,56,176
2018-04-20,Evening,UG,598,2126
2018-04-20,Evening,Alumni,3,8
2018-04-20,Evening,Others(HKUST),2,9
2018-04-20,Evening,Non-HKUST,14,49
2018-04-20,Evening,Total,934,3266
2018-04-20,All-Periods,Staff,223,1375
2018-04-20,All-Periods,TPG,666,6016
2018-04-20,All-Periods,RPG,219,1159
2018-04-20,All-Periods,UG,2850,18674
2018-04-20,All-Periods,Alumni,18,122
2018-04-20,All-Periods,Others(HKUST),23,111
2018-04-20,All-Periods,Non-HKUST,60,351
2018-04-20,All-Periods,Total,4059,27808
2018-04-21,Midnight,Staff,1,5
2018-04-21,Midnight,TPG,27,59
2018-04-21,Midnight,RPG,9,21
2018-04-21,Midnight,UG,147,428
2018-04-21,Midnight,Alumni,0,0
2018-04-21,Midnight,Others(HKUST),3,25
2018-04-21,Midnight,Non-HKUST,6,14
2018-04-21,Midnight,Total,193,552
2018-04-21,Early-Morning,Staff,3,3
2018-04-21,Early-Morning,TPG,2,3
2018-04-21,Early-Morning,RPG,1,1
2018-04-21,Early-Morning,UG,32,79
2018-04-21,Early-Morning,Alumni,0,0
2018-04-21,Early-Morning,Others(HKUST),2,28
2018-04-21,Early-Morning,Non-HKUST,3,6
2018-04-21,Early-Morning,Total,43,120
2018-04-21,Morning,Staff,35,86
2018-04-21,Morning,TPG,172,567
2018-04-21,Morning,RPG,27,86
2018-04-21,Morning,UG,285,995
2018-04-21,Morning,Alumni,11,30
2018-04-21,Morning,Others(HKUST),6,20
2018-04-21,Morning,Non-HKUST,14,35
2018-04-21,Morning,Total,550,1819
2018-04-21,Afternoon,Staff,46,158
2018-04-21,Afternoon,TPG,486,2209
2018-04-21,Afternoon,RPG,70,264
2018-04-21,Afternoon,UG,603,2329
2018-04-21,Afternoon,Alumni,28,110
2018-04-21,Afternoon,Others(HKUST),7,27
2018-04-21,Afternoon,Non-HKUST,47,110
2018-04-21,Afternoon,Total,1287,5207
2018-04-21,Late-Afternoon,Staff,39,139
2018-04-21,Late-Afternoon,TPG,465,2052
2018-04-21,Late-Afternoon,RPG,71,264
2018-04-21,Late-Afternoon,UG,574,2176
2018-04-21,Late-Afternoon,Alumni,21,81
2018-04-21,Late-Afternoon,Others(HKUST),7,17
2018-04-21,Late-Afternoon,Non-HKUST,42,117
2018-04-21,Late-Afternoon,Total,1219,4846
2018-04-21,Evening,Staff,12,21
2018-04-21,Evening,TPG,262,847
2018-04-21,Evening,RPG,34,133
2018-04-21,Evening,UG,357,1117
2018-04-21,Evening,Alumni,9,28
2018-04-21,Evening,Others(HKUST),4,14
2018-04-21,Evening,Non-HKUST,21,57
2018-04-21,Evening,Total,699,2217
2018-04-21,All-Periods,Staff,75,402
2018-04-21,All-Periods,TPG,636,5419
2018-04-21,All-Periods,RPG,130,748
2018-04-21,All-Periods,UG,1058,6849
2018-04-21,All-Periods,Alumni,35,242
2018-04-21,All-Periods,Others(HKUST),12,91
2018-04-21,All-Periods,Non-HKUST,77,320
2018-04-21,All-Periods,Total,2023,14071
2018-04-22,Midnight,Staff,1,5
2018-04-22,Midnight,TPG,30,79
2018-04-22,Midnight,RPG,13,33
2018-04-22,Midnight,UG,169,554
2018-04-22,Midnight,Alumni,1,3
2018-04-22,Midnight,Others(HKUST),2,23
2018-04-22,Midnight,Non-HKUST,9,27
2018-04-22,Midnight,Total,225,724
2018-04-22,Early-Morning,Staff,1,4
2018-04-22,Early-Morning,TPG,6,22
2018-04-22,Early-Morning,RPG,3,5
2018-04-22,Early-Morning,UG,58,209
2018-04-22,Early-Morning,Alumni,0,0
2018-04-22,Early-Morning,Others(HKUST),3,26
2018-04-22,Early-Morning,Non-HKUST,6,24
2018-04-22,Early-Morning,Total,77,290
2018-04-22,Morning,Staff,18,35
2018-04-22,Morning,TPG,146,526
2018-04-22,Morning,RPG,36,117
2018-04-22,Morning,UG,241,842
2018-04-22,Morning,Alumni,8,21
2018-04-22,Morning,Others(HKUST),4,12
2018-04-22,Morning,Non-HKUST,23,65
2018-04-22,Morning,Total,476,1618
2018-04-22,Afternoon,Staff,36,125
2018-04-22,Afternoon,TPG,372,1678
2018-04-22,Afternoon,RPG,83,351
2018-04-22,Afternoon,UG,665,2921
2018-04-22,Afternoon,Alumni,30,103
2018-04-22,Afternoon,Others(HKUST),6,33
2018-04-22,Afternoon,Non-HKUST,47,147
2018-04-22,Afternoon,Total,1239,5358
2018-04-22,Late-Afternoon,Staff,33,100
2018-04-22,Late-Afternoon,TPG,386,1818
2018-04-22,Late-Afternoon,RPG,91,365
2018-04-22,Late-Afternoon,UG,750,3005
2018-04-22,Late-Afternoon,Alumni,28,126
2018-04-22,Late-Afternoon,Others(HKUST),6,22
2018-04-22,Late-Afternoon,Non-HKUST,48,120
2018-04-22,Late-Afternoon,Total,1342,5556
2018-04-22,Evening,Staff,8,16
2018-04-22,Evening,TPG,226,809
2018-04-22,Evening,RPG,41,129
2018-04-22,Evening,UG,477,1650
2018-04-22,Evening,Alumni,11,38
2018-04-22,Evening,Others(HKUST),1,8
2018-04-22,Evening,Non-HKUST,23,62
2018-04-22,Evening,Total,787,2712
2018-04-22,All-Periods,Staff,55,275
2018-04-22,All-Periods,TPG,487,4596
2018-04-22,All-Periods,RPG,132,967
2018-04-22,All-Periods,UG,1206,8772
2018-04-22,All-Periods,Alumni,38,279
2018-04-22,All-Periods,Others(HKUST),8,83
2018-04-22,All-Periods,Non-HKUST,75,411
2018-04-22,All-Periods,Total,2001,15383
2018-04-23,Midnight,Staff,4,11
2018-04-23,Midnight,TPG,35,118
2018-04-23,Midnight,RPG,6,18
2018-04-23,Midnight,UG,150,427
2018-04-23,Midnight,Alumni,1,2
2018-04-23,Midnight,Others(HKUST),3,32
2018-04-23,Midnight,Non-HKUST,9,28
2018-04-23,Midnight,Total,208,636
2018-04-23,Early-Morning,Staff,9,14
2018-04-23,Early-Morning,TPG,7,24
2018-04-23,Early-Morning,RPG,3,12
2018-04-23,Early-Morning,UG,42,105
2018-04-23,Early-Morning,Alumni,0,0
2018-04-23,Early-Morning,Others(HKUST),3,25
2018-04-23,Early-Morning,Non-HKUST,0,0
2018-04-23,Early-Morning,Total,64,180
2018-04-23,Morning,Staff,110,419
2018-04-23,Morning,TPG,260,934
2018-04-23,Morning,RPG,73,258
2018-04-23,Morning,UG,998,3326
2018-04-23,Morning,Alumni,5,13
2018-04-23,Morning,Others(HKUST),13,49
2018-04-23,Morning,Non-HKUST,27,66
2018-04-23,Morning,Total,1486,5065
2018-04-23,Afternoon,Staff,187,664
2018-04-23,Afternoon,TPG,576,2927
2018-04-23,Afternoon,RPG,121,474
2018-04-23,Afternoon,UG,2170,8700
2018-04-23,Afternoon,Alumni,13,59
2018-04-23,Afternoon,Others(HKUST),17,56
2018-04-23,Afternoon,Non-HKUST,69,228
2018-04-23,Afternoon,Total,3153,13108
2018-04-23,Late-Afternoon,Staff,109,324
2018-04-23,Late-Afternoon,TPG,611,2563
2018-04-23,Late-Afternoon,RPG,124,420
2018-04-23,Late-Afternoon,UG,2023,8237
2018-04-23,Late-Afternoon,Alumni,14,51
2018-04-23,Late-Afternoon,Others(HKUST),13,41
2018-04-23,Late-Afternoon,Non-HKUST,57,202
2018-04-23,Late-Afternoon,Total,2951,11838
2018-04-23,Evening,Staff,26,80
2018-04-23,Evening,TPG,282,982
2018-04-23,Evening,RPG,66,229
2018-04-23,Evening,UG,1080,4459
2018-04-23,Evening,Alumni,6,21
2018-04-23,Evening,Others(HKUST),7,28
2018-04-23,Evening,Non-HKUST,29,82
2018-04-23,Evening,Total,1496,5881
2018-04-23,All-Periods,Staff,246,1480
2018-04-23,All-Periods,TPG,768,7111
2018-04-23,All-Periods,RPG,224,1368
2018-04-23,All-Periods,UG,3536,24777
2018-04-23,All-Periods,Alumni,18,137
2018-04-23,All-Periods,Others(HKUST),23,184
2018-04-23,All-Periods,Non-HKUST,106,586
2018-04-23,All-Periods,Total,4921,35643
2018-04-24,Midnight,Staff,2,7
2018-04-24,Midnight,TPG,36,122
2018-04-24,Midnight,RPG,18,54
2018-04-24,Midnight,UG,242,887
2018-04-24,Midnight,Alumni,0,0
2018-04-24,Midnight,Others(HKUST),4,29
2018-04-24,Midnight,Non-HKUST,8,22
2018-04-24,Midnight,Total,310,1121
2018-04-24,Early-Morning,Staff,5,9
2018-04-24,Early-Morning,TPG,6,18
2018-04-24,Early-Morning,RPG,1,1
2018-04-24,Early-Morning,UG,47,118
2018-04-24,Early-Morning,Alumni,0,0
2018-04-24,Early-Morning,Others(HKUST),6,27
2018-04-24,Early-Morning,Non-HKUST,2,3
2018-04-24,Early-Morning,Total,67,176
2018-04-24,Morning,Staff,113,455
2018-04-24,Morning,TPG,245,881
2018-04-24,Morning,RPG,67,222
2018-04-24,Morning,UG,1000,3306
2018-04-24,Morning,Alumni,4,11
2018-04-24,Morning,Others(HKUST),12,40
2018-04-24,Morning,Non-HKUST,36,100
2018-04-24,Morning,Total,1477,5015
2018-04-24,Afternoon,Staff,163,592
2018-04-24,Afternoon,TPG,609,2915
2018-04-24,Afternoon,RPG,137,531
2018-04-24,Afternoon,UG,2186,8795
2018-04-24,Afternoon,Alumni,11,58
2018-04-24,Afternoon,Others(HKUST),13,51
2018-04-24,Afternoon,Non-HKUST,80,232
2018-04-24,Afternoon,Total,3199,13174
2018-04-24,Late-Afternoon,Staff,103,314
2018-04-24,Late-Afternoon,TPG,654,2952
2018-04-24,Late-Afternoon,RPG,115,443
2018-04-24,Late-Afternoon,UG,1955,7774
2018-04-24,Late-Afternoon,Alumni,14,46
2018-04-24,Late-Afternoon,Others(HKUST),9,32
2018-04-24,Late-Afternoon,Non-HKUST,69,230
2018-04-24,Late-Afternoon,Total,2919,11791
2018-04-24,Evening,Staff,30,80
2018-04-24,Evening,TPG,273,994
2018-04-24,Evening,RPG,59,198
2018-04-24,Evening,UG,1038,4223
2018-04-24,Evening,Alumni,10,31
2018-04-24,Evening,Others(HKUST),6,23
2018-04-24,Evening,Non-HKUST,31,83
2018-04-24,Evening,Total,1447,5632
2018-04-24,All-Periods,Staff,226,1427
2018-04-24,All-Periods,TPG,794,7506
2018-04-24,All-Periods,RPG,236,1416
2018-04-24,All-Periods,UG,3536,24686
2018-04-24,All-Periods,Alumni,21,137
2018-04-24,All-Periods,Others(HKUST),20,152
2018-04-24,All-Periods,Non-HKUST,116,650
2018-04-24,All-Periods,Total,4949,35974
2018-04-25,Midnight,Staff,4,6
2018-04-25,Midnight,TPG,35,90
2018-04-25,Midnight,RPG,14,45
2018-04-25,Midnight,UG,241,791
2018-04-25,Midnight,Alumni,1,1
2018-04-25,Midnight,Others(HKUST),4,30
2018-04-25,Midnight,Non-HKUST,14,30
2018-04-25,Midnight,Total,313,993
2018-04-25,Early-Morning,Staff,9,14
2018-04-25,Early-Morning,TPG,2,4
2018-04-25,Early-Morning,RPG,2,8
2018-04-25,Early-Morning,UG,35,70
2018-04-25,Early-Morning,Alumni,0,0
2018-04-25,Early-Morning,Others(HKUST),4,15
2018-04-25,Early-Morning,Non-HKUST,3,5
2018-04-25,Early-Morning,Total,55,116
2018-04-25,Morning,Staff,109,396
2018-04-25,Morning,TPG,262,1003
2018-04-25,Morning,RPG,69,233
2018-04-25,Morning,UG,904,2881
2018-04-25,Morning,Alumni,9,19
2018-04-25,Morning,Others(HKUST),12,26
2018-04-25,Morning,Non-HKUST,27,76
2018-04-25,Morning,Total,1392,4634
2018-04-25,Afternoon,Staff,169,545
2018-04-25,Afternoon,TPG,567,2960
2018-04-25,Afternoon,RPG,104,371
2018-04-25,Afternoon,UG,2248,9343
2018-04-25,Afternoon,Alumni,14,67
2018-04-25,Afternoon,Others(HKUST),10,31
2018-04-25,Afternoon,Non-HKUST,65,208
2018-04-25,Afternoon,Total,3177,13525
2018-04-25,Late-Afternoon,Staff,115,319
2018-04-25,Late-Afternoon,TPG,595,2852
2018-04-25,Late-Afternoon,RPG,94,305
2018-04-25,Late-Afternoon,UG,1991,8001
2018-04-25,Late-Afternoon,Alumni,16,71
2018-04-25,Late-Afternoon,Others(HKUST),9,24
2018-04-25,Late-Afternoon,Non-HKUST,58,190
2018-04-25,Late-Afternoon,Total,2878,11762
2018-04-25,Evening,Staff,27,91
2018-04-25,Evening,TPG,213,735
2018-04-25,Evening,RPG,51,156
2018-04-25,Evening,UG,944,3756
2018-04-25,Evening,Alumni,10,42
2018-04-25,Evening,Others(HKUST),2,9
2018-04-25,Evening,Non-HKUST,22,50
2018-04-25,Evening,Total,1269,4839
2018-04-25,All-Periods,Staff,235,1326
2018-04-25,All-Periods,TPG,748,7234
2018-04-25,All-Periods,RPG,200,1092
2018-04-25,All-Periods,UG,3531,24433
2018-04-25,All-Periods,Alumni,24,190
2018-04-25,All-Periods,Others(HKUST),19,84
2018-04-25,All-Periods,Non-HKUST,106,546
2018-04-25,All-Periods,Total,4863,34905
2018-04-26,Midnight,Staff,2,7
2018-04-26,Midnight,TPG,19,60
2018-04-26,Midnight,RPG,8,25
2018-04-26,Midnight,UG,223,638
2018-04-26,Midnight,Alumni,1,1
2018-04-26,Midnight,Others(HKUST),2,21
2018-04-26,Midnight,Non-HKUST,7,10
2018-04-26,Midnight,Total,262,762
2018-04-26,Early-Morning,Staff,5,10
2018-04-26,Early-Morning,TPG,2,5
2018-04-26,Early-Morning,RPG,0,0
2018-04-26,Early-Morning,UG,57,150
2018-04-26,Early-Morning,Alumni,0,0
2018-04-26,Early-Morning,Others(HKUST),3,33
2018-04-26,Early-Morning,Non-HKUST,2,8
2018-04-26,Early-Morning,Total,69,206
2018-04-26,Morning,Staff,110,433
2018-04-26,Morning,TPG,234,874
2018-04-26,Morning,RPG,68,270
2018-04-26,Morning,UG,1001,3212
2018-04-26,Morning,Alumni,10,32
2018-04-26,Morning,Others(HKUST),10,36
2018-04-26,Morning,Non-HKUST,36,94
2018-04-26,Morning,Total,1469,4951
2018-04-26,Afternoon,Staff,171,617
2018-04-26,Afternoon,TPG,613,3230
2018-04-26,Afternoon,RPG,115,415
2018-04-26,Afternoon,UG,2092,7893
2018-04-26,Afternoon,Alumni,13,49
2018-04-26,Afternoon,Others(HKUST),9,39
2018-04-26,Afternoon,Non-HKUST,65,237
2018-04-26,Afternoon,Total,3078,12480
2018-04-26,Late-Afternoon,Staff,111,359
2018-04-26,Late-Afternoon,TPG,632,3061
2018-04-26,Late-Afternoon,RPG,113,333
2018-04-26,Late-Afternoon,UG,1724,6458
2018-04-26,Late-Afternoon,Alumni,11,37
2018-04-26,Late-Afternoon,Others(HKUST),8,24
2018-04-26,Late-Afternoon,Non-HKUST,63,199
2018-04-26,Late-Afternoon,Total,2662,10471
2018-04-26,Evening,Staff,26,90
2018-04-26,Evening,TPG,268,1016
2018-04-26,Evening,RPG,57,202
2018-04-26,Evening,UG,802,3126
2018-04-26,Evening,Alumni,10,26
2018-04-26,Evening,Others(HKUST),6,19
2018-04-26,Evening,Non-HKUST,26,88
2018-04-26,Evening,Total,1195,4567
2018-04-26,All-Periods,Staff,229,1481
2018-04-26,All-Periods,TPG,773,7821
2018-04-26,All-Periods,RPG,223,1218
2018-04-26,All-Periods,UG,3261,21068
2018-04-26,All-Periods,Alumni,22,139
2018-04-26,All-Periods,Others(HKUST),17,125
2018-04-26,All-Periods,Non-HKUST,97,613
2018-04-26,All-Periods,Total,4622,32465
2018-04-27,Midnight,Staff,1,1
2018-04-27,Midnight,TPG,45,171
2018-04-27,Midnight,RPG,9,21
2018-04-27,Midnight,UG,185,504
2018-04-27,Midnight,Alumni,1,5
2018-04-27,Midnight,Others(HKUST),4,32
2018-04-27,Midnight,Non-HKUST,4,14
2018-04-27,Midnight,Total,249,748
2018-04-27,Early-Morning,Staff,4,8
2018-04-27,Early-Morning,TPG,8,19
2018-04-27,Early-Morning,RPG,1,1
2018-04-27,Early-Morning,UG,38,100
2018-04-27,Early-Morning,Alumni,0,0
2018-04-27,Early-Morning,Others(HKUST),5,25
2018-04-27,Early-Morning,Non-HKUST,1,2
2018-04-27,Early-Morning,Total,57,155
2018-04-27,Morning,Staff,106,452
2018-04-27,Morning,TPG,234,855
2018-04-27,Morning,RPG,68,249
2018-04-27,Morning,UG,800,2573
2018-04-27,Morning,Alumni,7,11
2018-04-27,Morning,Others(HKUST),7,22
2018-04-27,Morning,Non-HKUST,24,61
2018-04-27,Morning,Total,1246,4223
2018-04-27,Afternoon,Staff,142,477
2018-04-27,Afternoon,TPG,555,2722
2018-04-27,Afternoon,RPG,113,420
2018-04-27,Afternoon,UG,1868,7548
2018-04-27,Afternoon,Alumni,16,56
2018-04-27,Afternoon,Others(HKUST),10,59
2018-04-27,Afternoon,Non-HKUST,48,182
2018-04-27,Afternoon,Total,2752,11464
2018-04-27,Late-Afternoon,Staff,102,300
2018-04-27,Late-Afternoon,TPG,544,2381
2018-04-27,Late-Afternoon,RPG,109,319
2018-04-27,Late-Afternoon,UG,1429,5309
2018-04-27,Late-Afternoon,Alumni,10,33
2018-04-27,Late-Afternoon,Others(HKUST),10,35
2018-04-27,Late-Afternoon,Non-HKUST,42,107
2018-04-27,Late-Afternoon,Total,2246,8484
2018-04-27,Evening,Staff,21,79
2018-04-27,Evening,TPG,237,891
2018-04-27,Evening,RPG,46,133
2018-04-27,Evening,UG,590,2338
2018-04-27,Evening,Alumni,5,16
2018-04-27,Evening,Others(HKUST),3,14
2018-04-27,Evening,Non-HKUST,17,32
2018-04-27,Evening,Total,919,3503
2018-04-27,All-Periods,Staff,197,1280
2018-04-27,All-Periods,TPG,711,6668
2018-04-27,All-Periods,RPG,208,1106
2018-04-27,All-Periods,UG,2776,18059
2018-04-27,All-Periods,Alumni,19,118
2018-04-27,All-Periods,Others(HKUST),14,140
2018-04-27,All-Periods,Non-HKUST,78,382
2018-04-27,All-Periods,Total,4003,27753
2018-04-28,Midnight,Staff,2,5
2018-04-28,Midnight,TPG,39,136
2018-04-28,Midnight,RPG,7,20
2018-04-28,Midnight,UG,143,418
2018-04-28,Midnight,Alumni,1,1
2018-04-28,Midnight,Others(HKUST),3,21
2018-04-28,Midnight,Non-HKUST,4,17
2018-04-28,Midnight,Total,199,618
2018-04-28,Early-Morning,Staff,3,14
2018-04-28,Early-Morning,TPG,10,20
2018-04-28,Early-Morning,RPG,0,0
2018-04-28,Early-Morning,UG,25,68
2018-04-28,Early-Morning,Alumni,1,1
2018-04-28,Early-Morning,Others(HKUST),2,22
2018-04-28,Early-Morning,Non-HKUST,3,12
2018-04-28,Early-Morning,Total,44,137
2018-04-28,Morning,Staff,25,87
2018-04-28,Morning,TPG,213,750
2018-04-28,Morning,RPG,31,99
2018-04-28,Morning,UG,322,1071
2018-04-28,Morning,Alumni,11,28
2018-04-28,Morning,Others(HKUST),6,19
2018-04-28,Morning,Non-HKUST,17,32
2018-04-28,Morning,Total,625,2086
2018-04-28,Afternoon,Staff,51,166
2018-04-28,Afternoon,TPG,438,1962
2018-04-28,Afternoon,RPG,78,297
2018-04-28,Afternoon,UG,707,2993
2018-04-28,Afternoon,Alumni,29,105
2018-04-28,Afternoon,Others(HKUST),6,16
2018-04-28,Afternoon,Non-HKUST,36,89
2018-04-28,Afternoon,Total,1345,5628
2018-04-28,Late-Afternoon,Staff,37,111
2018-04-28,Late-Afternoon,TPG,458,2141
2018-04-28,Late-Afternoon,RPG,92,341
2018-04-28,Late-Afternoon,UG,673,2823
2018-04-28,Late-Afternoon,Alumni,25,96
2018-04-28,Late-Afternoon,Others(HKUST),6,17
2018-04-28,Late-Afternoon,Non-HKUST,37,100
2018-04-28,Late-Afternoon,Total,1328,5629
2018-04-28,Evening,Staff,11,23
2018-04-28,Evening,TPG,270,889
2018-04-28,Evening,RPG,46,161
2018-04-28,Evening,UG,368,1231
2018-04-28,Evening,Alumni,13,19
2018-04-28,Evening,Others(HKUST),2,9
2018-04-28,Evening,Non-HKUST,18,44
2018-04-28,Evening,Total,728,2376
2018-04-28,All-Periods,Staff,77,396
2018-04-28,All-Periods,TPG,615,5576
2018-04-28,All-Periods,RPG,137,898
2018-04-28,All-Periods,UG,1130,8245
2018-04-28,All-Periods,Alumni,35,230
2018-04-28,All-Periods,Others(HKUST),11,59
2018-04-28,All-Periods,Non-HKUST,67,285
2018-04-28,All-Periods,Total,2072,15689
2018-04-29,Midnight,Staff,3,6
2018-04-29,Midnight,TPG,41,129
2018-04-29,Midnight,RPG,15,46
2018-04-29,Midnight,UG,103,341
2018-04-29,Midnight,Alumni,2,2
2018-04-29,Midnight,Others(HKUST),3,25
2018-04-29,Midnight,Non-HKUST,4,8
2018-04-29,Midnight,Total,171,557
2018-04-29,Early-Morning,Staff,3,7
2018-04-29,Early-Morning,TPG,9,29
2018-04-29,Early-Morning,RPG,2,4
2018-04-29,Early-Morning,UG,19,43
2018-04-29,Early-Morning,Alumni,1,1
2018-04-29,Early-Morning,Others(HKUST),4,29
2018-04-29,Early-Morning,Non-HKUST,0,0
2018-04-29,Early-Morning,Total,38,113
2018-04-29,Morning,Staff,21,52
2018-04-29,Morning,TPG,179,706
2018-04-29,Morning,RPG,36,132
2018-04-29,Morning,UG,283,996
2018-04-29,Morning,Alumni,9,28
2018-04-29,Morning,Others(HKUST),4,15
2018-04-29,Morning,Non-HKUST,14,28
2018-04-29,Morning,Total,546,1957
2018-04-29,Afternoon,Staff,38,136
2018-04-29,Afternoon,TPG,409,2057
2018-04-29,Afternoon,RPG,71,297
2018-04-29,Afternoon,UG,746,3281
2018-04-29,Afternoon,Alumni,42,166
2018-04-29,Afternoon,Others(HKUST),9,26
2018-04-29,Afternoon,Non-HKUST,39,92
2018-04-29,Afternoon,Total,1354,6055
2018-04-29,Late-Afternoon,Staff,34,130
2018-04-29,Late-Afternoon,TPG,447,2182
2018-04-29,Late-Afternoon,RPG,73,278
2018-04-29,Late-Afternoon,UG,800,3336
2018-04-29,Late-Afternoon,Alumni,39,132
2018-04-29,Late-Afternoon,Others(HKUST),9,31
2018-04-29,Late-Afternoon,Non-HKUST,33,90
2018-04-29,Late-Afternoon,Total,1435,6179
2018-04-29,Evening,Staff,13,27
2018-04-29,Evening,TPG,276,1044
2018-04-29,Evening,RPG,42,145
2018-04-29,Evening,UG,522,1808
2018-04-29,Evening,Alumni,10,29
2018-04-29,Evening,Others(HKUST),6,20
2018-04-29,Evening,Non-HKUST,16,50
2018-04-29,Evening,Total,885,3123
2018-04-29,All-Periods,Staff,63,342
2018-04-29,All-Periods,TPG,515,5718
2018-04-29,All-Periods,RPG,126,871
2018-04-29,All-Periods,UG,1215,9400
2018-04-29,All-Periods,Alumni,49,338
2018-04-29,All-Periods,Others(HKUST),12,97
2018-04-29,All-Periods,Non-HKUST,57,252
2018-04-29,All-Periods,Total,2037,17018
2018-04-30,Midnight,Staff,2,6
2018-04-30,Midnight,TPG,54,172
2018-04-30,Midnight,RPG,6,18
2018-04-30,Midnight,UG,177,530
2018-04-30,Midnight,Alumni,2,3
2018-04-30,Midnight,Others(HKUST),4,25
2018-04-30,Midnight,Non-HKUST,6,16
2018-04-30,Midnight,Total,251,770
2018-04-30,Early-Morning,Staff,7,12
2018-04-30,Early-Morning,TPG,13,26
2018-04-30,Early-Morning,RPG,3,8
2018-04-30,Early-Morning,UG,47,114
2018-04-30,Early-Morning,Alumni,1,1
2018-04-30,Early-Morning,Others(HKUST),5,27
2018-04-30,Early-Morning,Non-HKUST,0,0
2018-04-30,Early-Morning,Total,76,188
2018-04-30,Morning,Staff,90,348
2018-04-30,Morning,TPG,257,1019
2018-04-30,Morning,RPG,83,292
2018-04-30,Morning,UG,931,3146
2018-04-30,Morning,Alumni,7,19
2018-04-30,Morning,Others(HKUST),8,32
2018-04-30,Morning,Non-HKUST,18,35
2018-04-30,Morning,Total,1394,4891
2018-04-30,Afternoon,Staff,150,523
2018-04-30,Afternoon,TPG,557,2863
2018-04-30,Afternoon,RPG,126,471
2018-04-30,Afternoon,UG,2134,8319
2018-04-30,Afternoon,Alumni,17,78
2018-04-30,Afternoon,Others(HKUST),13,56
2018-04-30,Afternoon,Non-HKUST,46,156
2018-04-30,Afternoon,Total,3043,12466
2018-04-30,Late-Afternoon,Staff,99,311
2018-04-30,Late-Afternoon,TPG,589,2727
2018-04-30,Late-Afternoon,RPG,116,446
2018-04-30,Late-Afternoon,UG,1822,7165
2018-04-30,Late-Afternoon,Alumni,22,78
2018-04-30,Late-Afternoon,Others(HKUST),13,35
2018-04-30,Late-Afternoon,Non-HKUST,46,145
2018-04-30,Late-Afternoon,Total,2707,10907
2018-04-30,Evening,Staff,23,74
2018-04-30,Evening,TPG,294,1106
2018-04-30,Evening,RPG,78,259
2018-04-30,Evening,UG,766,3103
2018-04-30,Evening,Alumni,9,26
2018-04-30,Evening,Others(HKUST),4,13
2018-04-30,Evening,Non-HKUST,22,55
2018-04-30,Evening,Total,1196,4636
2018-04-30,All-Periods,Staff,200,1233
2018-04-30,All-Periods,TPG,743,7448
2018-04-30,All-Periods,RPG,239,1450
2018-04-30,All-Periods,UG,3260,21936
2018-04-30,All-Periods,Alumni,27,191
2018-04-30,All-Periods,Others(HKUST),17,137
2018-04-30,All-Periods,Non-HKUST,76,402
2018-04-30,All-Periods,Total,4562,32797
